work_id,work_name,category,mp_name,house,constituency,nodal_district,state,sanctioned_amount,actual_expenditure,contractor_name,latitude,longitude,sanction_date,completion_date,status,is_augmented_case
MPLADS-2023-WRK-1001,"Roads project at Ward 6, North West Delhi",Roads & Drainage,Dr. Harsh Vardhan,Lok Sabha,Chandni Chowk,North West Delhi,Delhi,1983000.0,1758000.0,Bharat Rural Development Enterprises,28.6232,77.2238,2023-03-13,2023-06-24,Completed,False
MPLADS-2023-WRK-1002,"Drinking Water project at Ward 1, Varanasi",Drinking Water & RO Plants,Narendra Modi,Lok Sabha,Varanasi,Varanasi,Uttar Pradesh,478000.0,408000.0,Bharat Rural Development Enterprises,25.3112,82.9698,2023-04-12,2023-08-03,Completed,False
MPLADS-2023-WRK-1003,"Healthcare Equipment project at Ward 39, East Delhi",Healthcare Equipment & Ambulances,Gautam Gambhir,Lok Sabha,East Delhi,East Delhi,Delhi,1941000.0,1731000.0,National Civil Construction Co.,28.5954,77.2627,2023-04-21,2023-06-18,Completed,False
MPLADS-2023-WRK-1004,"Roads project at Ward 37, Bengaluru Urban",Roads & Drainage,Tejasvi Surya,Lok Sabha,Bangalore South,Bengaluru Urban,Karnataka,1959000.0,1823000.0,Bharat Rural Development Enterprises,12.9551,77.6049,2023-07-13,2023-10-21,Completed,False
MPLADS-2023-WRK-1005,"Healthcare Equipment project at Ward 41, Varanasi",Healthcare Equipment & Ambulances,Narendra Modi,Lok Sabha,Varanasi,Varanasi,Uttar Pradesh,988000.0,938000.0,Sunrise Tech & Water Works,25.3469,82.9643,2023-05-29,2023-06-23,In Progress,False
MPLADS-2023-WRK-1006,"Drinking Water project at Ward 11, Mumbai City",Drinking Water & RO Plants,Arvind Sawant,Lok Sabha,Mumbai South,Mumbai City,Maharashtra,391000.0,345000.0,National Civil Construction Co.,18.9475,72.809,2023-05-17,2023-09-13,Completed,False
MPLADS-2023-WRK-1007,"Public Facilities project at Ward 3, New Delhi",Public Facilities & Community Halls,Dr. Subramanian Swamy,Rajya Sabha,Nominated,New Delhi,Delhi,1945000.0,1923000.0,Metro Civic Developers,28.6413,77.2311,2023-10-13,2024-04-08,Completed,False
MPLADS-2023-WRK-1008,"Public Facilities project at Ward 10, Mumbai City",Public Facilities & Community Halls,Arvind Sawant,Lok Sabha,Mumbai South,Mumbai City,Maharashtra,1937000.0,1708000.0,Sunrise Tech & Water Works,18.9512,72.827,2023-10-18,2024-04-25,In Progress,False
MPLADS-2023-WRK-1009,"Drinking Water project at Ward 9, Bengaluru Urban",Drinking Water & RO Plants,Tejasvi Surya,Lok Sabha,Bangalore South,Bengaluru Urban,Karnataka,310000.0,290000.0,Jan Seva Builders,13.0034,77.5866,2023-05-15,2023-08-27,Completed,False
MPLADS-2023-WRK-1010,"Roads project at Ward 25, New Delhi",Roads & Drainage,Dr. Subramanian Swamy,Rajya Sabha,Nominated,New Delhi,Delhi,2012000.0,1970000.0,Urban Green Projects Ltd,28.6373,77.2028,2023-03-20,2023-09-06,Completed,False
MPLADS-2023-WRK-1011,"Sanitation project at Ward 42, Mumbai Suburban",Sanitation & Public Toilets,Priyanka Chaturvedi,Rajya Sabha,Maharashtra,Mumbai Suburban,Maharashtra,997000.0,927000.0,National Civil Construction Co.,19.0905,72.8807,2023-10-11,2023-11-26,Completed,False
MPLADS-2023-WRK-1012,"Roads project at Ward 41, Mumbai City",Roads & Drainage,Arvind Sawant,Lok Sabha,Mumbai South,Mumbai City,Maharashtra,1087000.0,950000.0,Bharat Rural Development Enterprises,18.9598,72.8359,2023-01-02,2023-05-05,Completed,False
MPLADS-2023-WRK-1013,"Healthcare Equipment project at Ward 39, Bengaluru Urban",Healthcare Equipment & Ambulances,Tejasvi Surya,Lok Sabha,Bangalore South,Bengaluru Urban,Karnataka,2171000.0,1910000.0,Bharat Rural Development Enterprises,13.0079,77.6284,2023-07-11,2023-08-15,Completed,False
MPLADS-2023-WRK-1014,"Public Facilities project at Ward 6, Mumbai City",Public Facilities & Community Halls,Arvind Sawant,Lok Sabha,Mumbai South,Mumbai City,Maharashtra,1068000.0,1057000.0,Apex Infra Infrastructure Projects,18.9181,72.8407,2023-06-07,2023-12-04,Completed,False
MPLADS-2023-WRK-1015,"Roads project at Ward 14, New Delhi",Roads & Drainage,Dr. Subramanian Swamy,Rajya Sabha,Nominated,New Delhi,Delhi,2456000.0,2284000.0,Imperial Buildcon Pvt Ltd,28.6496,77.1822,2023-03-06,2023-06-20,In Progress,False
MPLADS-2023-WRK-1016,"Healthcare Equipment project at Ward 22, Varanasi",Healthcare Equipment & Ambulances,Narendra Modi,Lok Sabha,Varanasi,Varanasi,Uttar Pradesh,1642000.0,1641000.0,Bharat Rural Development Enterprises,25.3137,82.9537,2023-07-11,2023-09-20,Completed,False
MPLADS-2023-WRK-1017,"Sanitation project at Ward 5, North East Delhi",Sanitation & Public Toilets,Manoj Tiwari,Lok Sabha,North East Delhi,North East Delhi,Delhi,643000.0,603000.0,Apex Infra Infrastructure Projects,28.6824,77.3049,2023-01-04,2023-02-27,Completed,False
MPLADS-2023-WRK-1018,"Education project at Ward 13, Varanasi",Education & Smart Classrooms,Narendra Modi,Lok Sabha,Varanasi,Varanasi,Uttar Pradesh,1103000.0,973000.0,Apex Infra Construction Corp,25.3154,82.9967,2023-03-09,2023-07-20,In Progress,False
MPLADS-2023-WRK-1019,"Roads project at Ward 4, North West Delhi",Roads & Drainage,Dr. Harsh Vardhan,Lok Sabha,Chandni Chowk,North West Delhi,Delhi,1818000.0,1642000.0,Apex Infra Infrastructure Projects,28.6701,77.2687,2023-07-30,2023-12-26,Completed,False
MPLADS-2023-WRK-1020,"Healthcare Equipment project at Ward 18, Mumbai Suburban",Healthcare Equipment & Ambulances,Priyanka Chaturvedi,Rajya Sabha,Maharashtra,Mumbai Suburban,Maharashtra,1716000.0,1680000.0,Sunrise Tech & Water Works,19.0789,72.8489,2023-05-08,2023-06-16,Completed,False
MPLADS-2023-WRK-1021,"Drinking Water project at Ward 6, New Delhi",Drinking Water & RO Plants,Dr. Subramanian Swamy,Rajya Sabha,Nominated,New Delhi,Delhi,718000.0,618000.0,Apex Infra Infrastructure Projects,28.6261,77.2122,2023-10-09,2023-11-20,Completed,False
MPLADS-2023-WRK-1022,"Drinking Water project at Ward 30, Varanasi",Drinking Water & RO Plants,Narendra Modi,Lok Sabha,Varanasi,Varanasi,Uttar Pradesh,414000.0,382000.0,Urban Green Projects Ltd,25.3079,83.0127,2023-07-25,2023-08-31,Completed,False
MPLADS-2023-WRK-1023,"Public Facilities project at Ward 38, Bengaluru Urban",Public Facilities & Community Halls,Tejasvi Surya,Lok Sabha,Bangalore South,Bengaluru Urban,Karnataka,3438000.0,3299000.0,Imperial Buildcon Pvt Ltd,12.944,77.5783,2023-10-12,2024-06-02,Completed,False
MPLADS-2023-WRK-1024,"Healthcare Equipment project at Ward 12, North East Delhi",Healthcare Equipment & Ambulances,Manoj Tiwari,Lok Sabha,North East Delhi,North East Delhi,Delhi,1647000.0,1412000.0,Bharat Rural Development Enterprises,28.6767,77.3094,2023-09-02,2023-11-20,Completed,False
MPLADS-2023-WRK-1025,"Sanitation project at Ward 27, North West Delhi",Sanitation & Public Toilets,Dr. Harsh Vardhan,Lok Sabha,Chandni Chowk,North West Delhi,Delhi,254000.0,249000.0,Apex Infra Construction Corp,28.6359,77.2376,2023-07-26,2023-09-24,Completed,False
MPLADS-2023-WRK-1026,"Education project at Ward 21, Mumbai City",Education & Smart Classrooms,Arvind Sawant,Lok Sabha,Mumbai South,Mumbai City,Maharashtra,545000.0,522000.0,Jan Seva Builders,18.9093,72.8469,2023-05-03,2023-08-04,In Progress,False
MPLADS-2023-WRK-1027,"Roads project at Ward 5, North West Delhi",Roads & Drainage,Dr. Harsh Vardhan,Lok Sabha,Chandni Chowk,North West Delhi,Delhi,1417000.0,1417000.0,Bharat Rural Development Enterprises,28.6333,77.2112,2023-02-21,2023-05-31,Completed,False
MPLADS-2023-WRK-1028,"Education project at Ward 43, Varanasi",Education & Smart Classrooms,Narendra Modi,Lok Sabha,Varanasi,Varanasi,Uttar Pradesh,642000.0,588000.0,Vanguard Engineering Corp,25.3265,83.0129,2023-10-06,2024-03-04,Completed,False
MPLADS-2023-WRK-1029,"Healthcare Equipment project at Ward 39, Bengaluru Urban",Healthcare Equipment & Ambulances,Tejasvi Surya,Lok Sabha,Bangalore South,Bengaluru Urban,Karnataka,1080000.0,1060000.0,National Civil Construction Co.,12.991,77.567,2023-05-16,2023-06-14,Completed,False
MPLADS-2023-WRK-1030,"Healthcare Equipment project at Ward 6, Varanasi",Healthcare Equipment & Ambulances,Narendra Modi,Lok Sabha,Varanasi,Varanasi,Uttar Pradesh,1726000.0,1645000.0,Imperial Buildcon Pvt Ltd,25.2977,83.0066,2023-05-16,2023-08-03,Completed,False
MPLADS-2023-WRK-1031,"Education project at Ward 36, Mumbai Suburban",Education & Smart Classrooms,Priyanka Chaturvedi,Rajya Sabha,Maharashtra,Mumbai Suburban,Maharashtra,353000.0,318000.0,Vanguard Engineering Corp,19.0489,72.873,2023-03-08,2023-07-27,In Progress,False
MPLADS-2023-WRK-1032,"Roads project at Ward 28, North East Delhi",Roads & Drainage,Manoj Tiwari,Lok Sabha,North East Delhi,North East Delhi,Delhi,650000.0,639000.0,Apex Infra Infrastructure Projects,28.7309,77.2791,2023-03-18,2023-08-24,Completed,False
MPLADS-2023-WRK-1033,"Roads project at Ward 36, East Delhi",Roads & Drainage,Gautam Gambhir,Lok Sabha,East Delhi,East Delhi,Delhi,1117000.0,1100000.0,Sunrise Tech & Water Works,28.6426,77.3084,2023-01-21,2023-06-05,Completed,False
MPLADS-2023-WRK-1034,"Sanitation project at Ward 27, Mumbai Suburban",Sanitation & Public Toilets,Priyanka Chaturvedi,Rajya Sabha,Maharashtra,Mumbai Suburban,Maharashtra,800000.0,791000.0,Urban Green Projects Ltd,19.1065,72.8397,2023-05-02,2023-07-06,Completed,False
MPLADS-2023-WRK-1035,"Education project at Ward 23, Varanasi",Education & Smart Classrooms,Narendra Modi,Lok Sabha,Varanasi,Varanasi,Uttar Pradesh,491000.0,469000.0,Imperial Buildcon Pvt Ltd,25.2954,82.9992,2023-07-15,2023-09-17,In Progress,False
MPLADS-2023-WRK-1036,"Drinking Water project at Ward 23, Bengaluru Urban",Drinking Water & RO Plants,Tejasvi Surya,Lok Sabha,Bangalore South,Bengaluru Urban,Karnataka,295000.0,280000.0,Vanguard Engineering Corp,13.0007,77.632,2023-07-24,2023-10-04,Completed,False
MPLADS-2023-WRK-1037,"Healthcare Equipment project at Ward 3, Mumbai Suburban",Healthcare Equipment & Ambulances,Priyanka Chaturvedi,Rajya Sabha,Maharashtra,Mumbai Suburban,Maharashtra,3449000.0,3209000.0,Vanguard Engineering Corp,19.0503,72.9147,2023-01-15,2023-02-13,Completed,False
MPLADS-2023-WRK-1038,"Sanitation project at Ward 17, North West Delhi",Sanitation & Public Toilets,Dr. Harsh Vardhan,Lok Sabha,Chandni Chowk,North West Delhi,Delhi,548000.0,526000.0,Apex Infra Construction Corp,28.6949,77.1993,2023-06-10,2023-09-18,Completed,False
MPLADS-2023-WRK-1039,"Healthcare Equipment project at Ward 40, North East Delhi",Healthcare Equipment & Ambulances,Manoj Tiwari,Lok Sabha,North East Delhi,North East Delhi,Delhi,1977000.0,1835000.0,Sunrise Tech & Water Works,28.6932,77.2381,2023-10-03,2024-01-13,Completed,False
MPLADS-2023-WRK-1040,"Healthcare Equipment project at Ward 36, Mumbai City",Healthcare Equipment & Ambulances,Arvind Sawant,Lok Sabha,Mumbai South,Mumbai City,Maharashtra,3090000.0,2960000.0,Vanguard Engineering Corp,18.9522,72.8214,2023-06-03,2023-08-21,Completed,False
MPLADS-2023-WRK-1041,"Drinking Water project at Ward 20, East Delhi",Drinking Water & RO Plants,Gautam Gambhir,Lok Sabha,East Delhi,East Delhi,Delhi,423000.0,419000.0,Apex Infra Construction Corp,28.6121,77.2988,2023-03-31,2023-07-17,Completed,False
MPLADS-2023-WRK-1042,"Drinking Water project at Ward 11, Bengaluru Urban",Drinking Water & RO Plants,Tejasvi Surya,Lok Sabha,Bangalore South,Bengaluru Urban,Karnataka,429000.0,402000.0,Imperial Buildcon Pvt Ltd,12.967,77.5717,2023-06-14,2023-09-11,In Progress,False
MPLADS-2023-WRK-1043,"Education project at Ward 10, North West Delhi",Education & Smart Classrooms,Dr. Harsh Vardhan,Lok Sabha,Chandni Chowk,North West Delhi,Delhi,919000.0,868000.0,Sunrise Tech & Water Works,28.67,77.208,2023-06-21,2023-08-31,Completed,False
MPLADS-2023-WRK-1044,"Roads project at Ward 32, North East Delhi",Roads & Drainage,Manoj Tiwari,Lok Sabha,North East Delhi,North East Delhi,Delhi,990000.0,912000.0,Jan Seva Builders,28.735,77.2786,2023-02-07,2023-07-05,In Progress,False
MPLADS-2023-WRK-1045,"Drinking Water project at Ward 4, Mumbai Suburban",Drinking Water & RO Plants,Priyanka Chaturvedi,Rajya Sabha,Maharashtra,Mumbai Suburban,Maharashtra,246000.0,234000.0,Sunrise Tech & Water Works,19.0501,72.9143,2023-02-24,2023-05-19,In Progress,False
MPLADS-2023-WRK-1046,"Roads project at Ward 40, Varanasi",Roads & Drainage,Narendra Modi,Lok Sabha,Varanasi,Varanasi,Uttar Pradesh,1413000.0,1371000.0,Apex Infra Construction Corp,25.303,82.9943,2023-09-29,2024-03-08,In Progress,False
MPLADS-2023-WRK-1047,"Sanitation project at Ward 34, Mumbai Suburban",Sanitation & Public Toilets,Priyanka Chaturvedi,Rajya Sabha,Maharashtra,Mumbai Suburban,Maharashtra,557000.0,487000.0,Vanguard Engineering Corp,19.0961,72.9049,2023-09-01,2023-12-12,Completed,False
MPLADS-2023-WRK-1048,"Healthcare Equipment project at Ward 9, New Delhi",Healthcare Equipment & Ambulances,Dr. Subramanian Swamy,Rajya Sabha,Nominated,New Delhi,Delhi,1446000.0,1325000.0,Vanguard Engineering Corp,28.6008,77.2404,2023-05-27,2023-07-11,Completed,False
MPLADS-2023-WRK-1049,"Drinking Water project at Ward 4, East Delhi",Drinking Water & RO Plants,Gautam Gambhir,Lok Sabha,East Delhi,East Delhi,Delhi,399000.0,348000.0,Jan Seva Builders,28.6206,77.2984,2023-04-20,2023-05-28,In Progress,False
MPLADS-2023-WRK-1050,"Public Facilities project at Ward 25, Varanasi",Public Facilities & Community Halls,Narendra Modi,Lok Sabha,Varanasi,Varanasi,Uttar Pradesh,2363000.0,2281000.0,Jan Seva Builders,25.3158,83.0093,2023-01-11,2023-08-22,Completed,False
MPLADS-2023-WRK-1051,"Sanitation project at Ward 22, Mumbai Suburban",Sanitation & Public Toilets,Priyanka Chaturvedi,Rajya Sabha,Maharashtra,Mumbai Suburban,Maharashtra,798000.0,744000.0,Sunrise Tech & Water Works,19.0578,72.8766,2023-04-23,2023-08-08,In Progress,False
MPLADS-2023-WRK-1052,"Healthcare Equipment project at Ward 6, Mumbai Suburban",Healthcare Equipment & Ambulances,Priyanka Chaturvedi,Rajya Sabha,Maharashtra,Mumbai Suburban,Maharashtra,1246000.0,1146000.0,Bharat Rural Development Enterprises,19.0382,72.8692,2023-03-07,2023-06-09,Completed,False
MPLADS-2023-WRK-1053,"Drinking Water project at Ward 18, Mumbai Suburban",Drinking Water & RO Plants,Priyanka Chaturvedi,Rajya Sabha,Maharashtra,Mumbai Suburban,Maharashtra,713000.0,625000.0,Metro Civic Developers,19.0529,72.8638,2023-05-14,2023-07-31,In Progress,False
MPLADS-2023-WRK-1054,"Education project at Ward 2, Mumbai Suburban",Education & Smart Classrooms,Priyanka Chaturvedi,Rajya Sabha,Maharashtra,Mumbai Suburban,Maharashtra,1302000.0,1199000.0,Metro Civic Developers,19.0539,72.8432,2023-10-04,2023-12-09,Completed,False
MPLADS-2023-WRK-1055,"Drinking Water project at Ward 30, Varanasi",Drinking Water & RO Plants,Narendra Modi,Lok Sabha,Varanasi,Varanasi,Uttar Pradesh,695000.0,656000.0,Imperial Buildcon Pvt Ltd,25.3312,82.979,2023-05-03,2023-06-18,Completed,False
MPLADS-2023-WRK-1056,"Education project at Ward 37, Bengaluru Urban",Education & Smart Classrooms,Tejasvi Surya,Lok Sabha,Bangalore South,Bengaluru Urban,Karnataka,501000.0,471000.0,Vanguard Engineering Corp,12.9402,77.5567,2023-02-28,2023-05-19,Completed,False
MPLADS-2023-WRK-1057,"Public Facilities project at Ward 37, Mumbai Suburban",Public Facilities & Community Halls,Priyanka Chaturvedi,Rajya Sabha,Maharashtra,Mumbai Suburban,Maharashtra,4295000.0,3779000.0,Vanguard Engineering Corp,19.104,72.8857,2023-05-05,2023-10-15,Completed,False
MPLADS-2023-WRK-1058,"Education project at Ward 7, North East Delhi",Education & Smart Classrooms,Manoj Tiwari,Lok Sabha,North East Delhi,North East Delhi,Delhi,939000.0,891000.0,Metro Civic Developers,28.6651,77.2661,2023-02-05,2023-06-09,In Progress,False
MPLADS-2023-WRK-1059,"Education project at Ward 40, Mumbai Suburban",Education & Smart Classrooms,Priyanka Chaturvedi,Rajya Sabha,Maharashtra,Mumbai Suburban,Maharashtra,1063000.0,1036000.0,Urban Green Projects Ltd,19.0947,72.9149,2023-03-20,2023-07-13,Completed,False
MPLADS-2023-WRK-1060,"Public Facilities project at Ward 16, New Delhi",Public Facilities & Community Halls,Dr. Subramanian Swamy,Rajya Sabha,Nominated,New Delhi,Delhi,2525000.0,2423000.0,Sunrise Tech & Water Works,28.6404,77.1759,2023-05-18,2023-11-25,In Progress,False
MPLADS-2023-WRK-1061,"Sanitation project at Ward 22, New Delhi",Sanitation & Public Toilets,Dr. Subramanian Swamy,Rajya Sabha,Nominated,New Delhi,Delhi,688000.0,624000.0,Metro Civic Developers,28.5884,77.186,2023-01-15,2023-05-03,Completed,False
MPLADS-2023-WRK-1062,"Sanitation project at Ward 36, Bengaluru Urban",Sanitation & Public Toilets,Tejasvi Surya,Lok Sabha,Bangalore South,Bengaluru Urban,Karnataka,761000.0,678000.0,Sunrise Tech & Water Works,12.9384,77.6122,2023-01-06,2023-04-27,In Progress,False
MPLADS-2023-WRK-1063,"Healthcare Equipment project at Ward 20, Varanasi",Healthcare Equipment & Ambulances,Narendra Modi,Lok Sabha,Varanasi,Varanasi,Uttar Pradesh,2085000.0,1995000.0,National Civil Construction Co.,25.3011,82.9663,2023-08-18,2023-09-04,Completed,False
MPLADS-2023-WRK-1064,"Public Facilities project at Ward 15, Mumbai City",Public Facilities & Community Halls,Arvind Sawant,Lok Sabha,Mumbai South,Mumbai City,Maharashtra,2937000.0,2648000.0,Metro Civic Developers,18.955,72.817,2023-10-09,2024-04-18,Completed,False
MPLADS-2023-WRK-1065,"Healthcare Equipment project at Ward 38, North West Delhi",Healthcare Equipment & Ambulances,Dr. Harsh Vardhan,Lok Sabha,Chandni Chowk,North West Delhi,Delhi,1320000.0,1146000.0,Urban Green Projects Ltd,28.6315,77.2491,2023-10-02,2024-01-13,Completed,False
MPLADS-2023-WRK-1066,"Roads project at Ward 3, Bengaluru Urban",Roads & Drainage,Tejasvi Surya,Lok Sabha,Bangalore South,Bengaluru Urban,Karnataka,2165000.0,1936000.0,Vanguard Engineering Corp,12.9327,77.5973,2023-07-04,2023-10-24,Completed,False
MPLADS-2023-WRK-1067,"Sanitation project at Ward 22, North East Delhi",Sanitation & Public Toilets,Manoj Tiwari,Lok Sabha,North East Delhi,North East Delhi,Delhi,434000.0,430000.0,Apex Infra Infrastructure Projects,28.71,77.2701,2023-09-09,2023-11-06,In Progress,False
MPLADS-2023-WRK-1068,"Roads project at Ward 10, East Delhi",Roads & Drainage,Gautam Gambhir,Lok Sabha,East Delhi,East Delhi,Delhi,1005000.0,984000.0,Jan Seva Builders,28.6273,77.3012,2023-02-28,2023-06-06,Completed,False
MPLADS-2023-WRK-1069,"Sanitation project at Ward 34, East Delhi",Sanitation & Public Toilets,Gautam Gambhir,Lok Sabha,East Delhi,East Delhi,Delhi,959000.0,827000.0,Bharat Rural Development Enterprises,28.6492,77.3035,2023-05-08,2023-07-07,Completed,False
MPLADS-2023-WRK-1070,"Public Facilities project at Ward 14, Mumbai Suburban",Public Facilities & Community Halls,Priyanka Chaturvedi,Rajya Sabha,Maharashtra,Mumbai Suburban,Maharashtra,4180000.0,3739000.0,Apex Infra Construction Corp,19.0857,72.8865,2023-08-08,2024-02-13,Completed,False
MPLADS-2023-WRK-1071,"Education project at Ward 19, Varanasi",Education & Smart Classrooms,Narendra Modi,Lok Sabha,Varanasi,Varanasi,Uttar Pradesh,1093000.0,955000.0,National Civil Construction Co.,25.2901,82.9666,2023-03-30,2023-08-07,In Progress,False
MPLADS-2023-WRK-1072,"Drinking Water project at Ward 28, North East Delhi",Drinking Water & RO Plants,Manoj Tiwari,Lok Sabha,North East Delhi,North East Delhi,Delhi,337000.0,301000.0,Sunrise Tech & Water Works,28.738,77.2955,2023-08-21,2023-09-29,Completed,False
MPLADS-2023-WRK-1073,"Sanitation project at Ward 29, North West Delhi",Sanitation & Public Toilets,Dr. Harsh Vardhan,Lok Sabha,Chandni Chowk,North West Delhi,Delhi,380000.0,331000.0,National Civil Construction Co.,28.621,77.2534,2023-05-17,2023-07-19,Completed,False
MPLADS-2023-WRK-1074,"Public Facilities project at Ward 28, North West Delhi",Public Facilities & Community Halls,Dr. Harsh Vardhan,Lok Sabha,Chandni Chowk,North West Delhi,Delhi,3410000.0,3256000.0,Bharat Rural Development Enterprises,28.6557,77.1964,2023-05-20,2023-12-20,Completed,False
MPLADS-2023-WRK-1075,"Sanitation project at Ward 37, Mumbai City",Sanitation & Public Toilets,Arvind Sawant,Lok Sabha,Mumbai South,Mumbai City,Maharashtra,400000.0,345000.0,Apex Infra Infrastructure Projects,18.9788,72.8491,2023-10-22,2024-02-19,Completed,False
MPLADS-2023-WRK-1076,"Drinking Water project at Ward 31, North East Delhi",Drinking Water & RO Plants,Manoj Tiwari,Lok Sabha,North East Delhi,North East Delhi,Delhi,456000.0,432000.0,Apex Infra Construction Corp,28.699,77.2976,2023-05-23,2023-07-15,Completed,False
MPLADS-2023-WRK-1077,"Public Facilities project at Ward 36, Mumbai City",Public Facilities & Community Halls,Arvind Sawant,Lok Sabha,Mumbai South,Mumbai City,Maharashtra,2167000.0,2060000.0,Jan Seva Builders,18.9543,72.8184,2023-03-24,2023-10-02,In Progress,False
MPLADS-2023-WRK-1078,"Public Facilities project at Ward 27, North East Delhi",Public Facilities & Community Halls,Manoj Tiwari,Lok Sabha,North East Delhi,North East Delhi,Delhi,1308000.0,1161000.0,Bharat Rural Development Enterprises,28.7301,77.2326,2023-03-01,2023-09-18,In Progress,False
MPLADS-2023-WRK-1079,"Drinking Water project at Ward 19, North East Delhi",Drinking Water & RO Plants,Manoj Tiwari,Lok Sabha,North East Delhi,North East Delhi,Delhi,487000.0,459000.0,Imperial Buildcon Pvt Ltd,28.7249,77.2488,2023-09-13,2024-01-01,Completed,False
MPLADS-2023-WRK-1080,"Healthcare Equipment project at Ward 6, New Delhi",Healthcare Equipment & Ambulances,Dr. Subramanian Swamy,Rajya Sabha,Nominated,New Delhi,Delhi,2109000.0,1802000.0,Urban Green Projects Ltd,28.5988,77.1701,2023-05-03,2023-08-16,In Progress,False
MPLADS-2023-WRK-1081,"Roads project at Ward 31, Varanasi",Roads & Drainage,Narendra Modi,Lok Sabha,Varanasi,Varanasi,Uttar Pradesh,1423000.0,1235000.0,Vanguard Engineering Corp,25.3183,82.9558,2023-03-20,2023-08-20,In Progress,False
MPLADS-2023-WRK-1082,"Public Facilities project at Ward 22, Varanasi",Public Facilities & Community Halls,Narendra Modi,Lok Sabha,Varanasi,Varanasi,Uttar Pradesh,2929000.0,2658000.0,National Civil Construction Co.,25.2997,82.9971,2023-09-18,2024-03-03,In Progress,False
MPLADS-2023-WRK-1083,"Roads project at Ward 23, Bengaluru Urban",Roads & Drainage,Tejasvi Surya,Lok Sabha,Bangalore South,Bengaluru Urban,Karnataka,1066000.0,954000.0,Imperial Buildcon Pvt Ltd,13.0008,77.5903,2023-10-28,2024-04-09,In Progress,False
MPLADS-2023-WRK-1084,"Sanitation project at Ward 3, Mumbai City",Sanitation & Public Toilets,Arvind Sawant,Lok Sabha,Mumbai South,Mumbai City,Maharashtra,810000.0,734000.0,Sunrise Tech & Water Works,18.9445,72.814,2023-06-14,2023-08-22,In Progress,False
MPLADS-2023-WRK-1085,"Healthcare Equipment project at Ward 7, Mumbai City",Healthcare Equipment & Ambulances,Arvind Sawant,Lok Sabha,Mumbai South,Mumbai City,Maharashtra,2077000.0,2050000.0,Urban Green Projects Ltd,18.9384,72.7983,2023-07-15,2023-09-17,Completed,False
MPLADS-2023-WRK-1086,"Roads project at Ward 22, New Delhi",Roads & Drainage,Dr. Subramanian Swamy,Rajya Sabha,Nominated,New Delhi,Delhi,1552000.0,1426000.0,Urban Green Projects Ltd,28.5799,77.2315,2023-03-15,2023-08-04,Completed,False
MPLADS-2023-WRK-1087,"Healthcare Equipment project at Ward 35, Mumbai Suburban",Healthcare Equipment & Ambulances,Priyanka Chaturvedi,Rajya Sabha,Maharashtra,Mumbai Suburban,Maharashtra,1017000.0,915000.0,Metro Civic Developers,19.0861,72.9087,2023-10-01,2023-12-03,In Progress,False
MPLADS-2023-WRK-1088,"Sanitation project at Ward 29, North East Delhi",Sanitation & Public Toilets,Manoj Tiwari,Lok Sabha,North East Delhi,North East Delhi,Delhi,255000.0,241000.0,National Civil Construction Co.,28.6988,77.2404,2023-05-28,2023-08-10,Completed,False
MPLADS-2023-WRK-1089,"Healthcare Equipment project at Ward 34, East Delhi",Healthcare Equipment & Ambulances,Gautam Gambhir,Lok Sabha,East Delhi,East Delhi,Delhi,1609000.0,1375000.0,Vanguard Engineering Corp,28.6167,77.2895,2023-06-16,2023-07-08,Completed,False
MPLADS-2023-WRK-1090,"Sanitation project at Ward 32, Mumbai Suburban",Sanitation & Public Toilets,Priyanka Chaturvedi,Rajya Sabha,Maharashtra,Mumbai Suburban,Maharashtra,745000.0,653000.0,Apex Infra Construction Corp,19.1057,72.8873,2023-03-31,2023-05-25,Completed,False
MPLADS-2023-WRK-1091,"Drinking Water project at Ward 44, East Delhi",Drinking Water & RO Plants,Gautam Gambhir,Lok Sabha,East Delhi,East Delhi,Delhi,450000.0,400000.0,Apex Infra Infrastructure Projects,28.6599,77.2922,2023-05-11,2023-09-03,Completed,False
MPLADS-2023-WRK-1092,"Roads project at Ward 13, East Delhi",Roads & Drainage,Gautam Gambhir,Lok Sabha,East Delhi,East Delhi,Delhi,1383000.0,1247000.0,Jan Seva Builders,28.6432,77.2915,2023-10-28,2024-03-04,Completed,False
MPLADS-2023-WRK-1093,"Public Facilities project at Ward 18, Mumbai Suburban",Public Facilities & Community Halls,Priyanka Chaturvedi,Rajya Sabha,Maharashtra,Mumbai Suburban,Maharashtra,1373000.0,1246000.0,Vanguard Engineering Corp,19.1154,72.8613,2023-07-03,2024-02-11,In Progress,False
MPLADS-2023-WRK-1094,"Sanitation project at Ward 39, North East Delhi",Sanitation & Public Toilets,Manoj Tiwari,Lok Sabha,North East Delhi,North East Delhi,Delhi,892000.0,862000.0,Imperial Buildcon Pvt Ltd,28.7307,77.3047,2023-01-26,2023-05-28,Completed,False
MPLADS-2023-WRK-1095,"Drinking Water project at Ward 29, Mumbai City",Drinking Water & RO Plants,Arvind Sawant,Lok Sabha,Mumbai South,Mumbai City,Maharashtra,564000.0,532000.0,National Civil Construction Co.,18.9711,72.847,2023-03-12,2023-06-30,Completed,False
MPLADS-2023-WRK-1096,"Sanitation project at Ward 34, North East Delhi",Sanitation & Public Toilets,Manoj Tiwari,Lok Sabha,North East Delhi,North East Delhi,Delhi,492000.0,428000.0,Jan Seva Builders,28.6782,77.2431,2023-06-01,2023-08-26,Completed,False
MPLADS-2023-WRK-1097,"Drinking Water project at Ward 10, Bengaluru Urban",Drinking Water & RO Plants,Tejasvi Surya,Lok Sabha,Bangalore South,Bengaluru Urban,Karnataka,317000.0,309000.0,Metro Civic Developers,12.9959,77.5921,2023-09-04,2023-11-10,Completed,False
MPLADS-2023-WRK-1098,"Healthcare Equipment project at Ward 30, Varanasi",Healthcare Equipment & Ambulances,Narendra Modi,Lok Sabha,Varanasi,Varanasi,Uttar Pradesh,2755000.0,2747000.0,National Civil Construction Co.,25.3409,82.935,2023-10-13,2023-12-13,Completed,False
MPLADS-2023-WRK-1099,"Healthcare Equipment project at Ward 40, Mumbai City",Healthcare Equipment & Ambulances,Arvind Sawant,Lok Sabha,Mumbai South,Mumbai City,Maharashtra,2822000.0,2510000.0,Metro Civic Developers,18.9075,72.814,2023-07-15,2023-10-19,Completed,False
MPLADS-2023-WRK-1100,"Sanitation project at Ward 3, Mumbai City",Sanitation & Public Toilets,Arvind Sawant,Lok Sabha,Mumbai South,Mumbai City,Maharashtra,377000.0,324000.0,Vanguard Engineering Corp,18.9507,72.8046,2023-08-26,2024-01-07,Completed,False
MPLADS-2023-WRK-1101,"Public Facilities project at Ward 38, Bengaluru Urban",Public Facilities & Community Halls,Tejasvi Surya,Lok Sabha,Bangalore South,Bengaluru Urban,Karnataka,1406000.0,1245000.0,Jan Seva Builders,12.9679,77.6082,2023-10-03,2024-03-18,In Progress,False
MPLADS-2023-WRK-1102,"Public Facilities project at Ward 16, East Delhi",Public Facilities & Community Halls,Gautam Gambhir,Lok Sabha,East Delhi,East Delhi,Delhi,3292000.0,3210000.0,Apex Infra Infrastructure Projects,28.6432,77.2724,2023-07-28,2024-01-29,In Progress,False
MPLADS-2023-WRK-1103,"Roads project at Ward 6, Mumbai City",Roads & Drainage,Arvind Sawant,Lok Sabha,Mumbai South,Mumbai City,Maharashtra,2462000.0,2228000.0,Jan Seva Builders,18.9209,72.8728,2023-07-03,2023-10-08,In Progress,False
MPLADS-2023-WRK-1104,"Healthcare Equipment project at Ward 5, Varanasi",Healthcare Equipment & Ambulances,Narendra Modi,Lok Sabha,Varanasi,Varanasi,Uttar Pradesh,2527000.0,2516000.0,Sunrise Tech & Water Works,25.3567,82.9969,2023-01-26,2023-03-24,Completed,False
MPLADS-2023-WRK-1105,"Sanitation project at Ward 9, Varanasi",Sanitation & Public Toilets,Narendra Modi,Lok Sabha,Varanasi,Varanasi,Uttar Pradesh,373000.0,366000.0,Apex Infra Construction Corp,25.2778,83.0026,2023-06-18,2023-08-20,Completed,False
MPLADS-2023-WRK-1106,"Drinking Water project at Ward 2, Bengaluru Urban",Drinking Water & RO Plants,Tejasvi Surya,Lok Sabha,Bangalore South,Bengaluru Urban,Karnataka,221000.0,217000.0,Metro Civic Developers,12.9948,77.5736,2023-03-09,2023-04-09,Completed,False
MPLADS-2023-WRK-1107,"Education project at Ward 29, East Delhi",Education & Smart Classrooms,Gautam Gambhir,Lok Sabha,East Delhi,East Delhi,Delhi,363000.0,349000.0,National Civil Construction Co.,28.6261,77.3172,2023-09-27,2023-12-10,Completed,False
MPLADS-2023-WRK-1108,"Sanitation project at Ward 26, Varanasi",Sanitation & Public Toilets,Narendra Modi,Lok Sabha,Varanasi,Varanasi,Uttar Pradesh,235000.0,227000.0,Imperial Buildcon Pvt Ltd,25.3291,82.9364,2023-09-24,2023-12-16,In Progress,False
MPLADS-2023-WRK-1109,"Healthcare Equipment project at Ward 18, Mumbai Suburban",Healthcare Equipment & Ambulances,Priyanka Chaturvedi,Rajya Sabha,Maharashtra,Mumbai Suburban,Maharashtra,1091000.0,1044000.0,National Civil Construction Co.,19.0618,72.8496,2023-08-16,2023-09-09,Completed,False
MPLADS-2023-WRK-1110,"Public Facilities project at Ward 42, Mumbai City",Public Facilities & Community Halls,Arvind Sawant,Lok Sabha,Mumbai South,Mumbai City,Maharashtra,4481000.0,4165000.0,Apex Infra Construction Corp,18.9332,72.8587,2023-08-21,2024-03-22,Completed,False
MPLADS-2023-WRK-1111,"Public Facilities project at Ward 21, Varanasi",Public Facilities & Community Halls,Narendra Modi,Lok Sabha,Varanasi,Varanasi,Uttar Pradesh,2580000.0,2281000.0,Jan Seva Builders,25.3109,82.9415,2023-06-23,2024-01-17,In Progress,False
MPLADS-2023-WRK-1112,"Education project at Ward 24, Bengaluru Urban",Education & Smart Classrooms,Tejasvi Surya,Lok Sabha,Bangalore South,Bengaluru Urban,Karnataka,1444000.0,1376000.0,National Civil Construction Co.,12.9981,77.5621,2023-08-31,2023-11-07,Completed,False
MPLADS-2023-WRK-1113,"Sanitation project at Ward 4, East Delhi",Sanitation & Public Toilets,Gautam Gambhir,Lok Sabha,East Delhi,East Delhi,Delhi,248000.0,246000.0,National Civil Construction Co.,28.6209,77.3249,2023-10-15,2024-01-10,In Progress,False
MPLADS-2023-WRK-1114,"Sanitation project at Ward 23, Bengaluru Urban",Sanitation & Public Toilets,Tejasvi Surya,Lok Sabha,Bangalore South,Bengaluru Urban,Karnataka,450000.0,389000.0,Urban Green Projects Ltd,12.9841,77.5725,2023-09-17,2023-11-28,Completed,False
MPLADS-2023-WRK-1115,"Roads project at Ward 39, Mumbai City",Roads & Drainage,Arvind Sawant,Lok Sabha,Mumbai South,Mumbai City,Maharashtra,2025000.0,1896000.0,Apex Infra Construction Corp,18.9479,72.8467,2023-08-08,2024-01-16,Completed,False
MPLADS-2023-WRK-1116,"Roads project at Ward 5, Bengaluru Urban",Roads & Drainage,Tejasvi Surya,Lok Sabha,Bangalore South,Bengaluru Urban,Karnataka,861000.0,823000.0,Metro Civic Developers,12.9321,77.6242,2023-06-08,2023-10-19,In Progress,False
MPLADS-2023-WRK-1117,"Healthcare Equipment project at Ward 20, East Delhi",Healthcare Equipment & Ambulances,Gautam Gambhir,Lok Sabha,East Delhi,East Delhi,Delhi,2510000.0,2145000.0,Jan Seva Builders,28.6216,77.2823,2023-09-29,2023-11-10,Completed,False
MPLADS-2023-WRK-1118,"Sanitation project at Ward 43, Mumbai City",Sanitation & Public Toilets,Arvind Sawant,Lok Sabha,Mumbai South,Mumbai City,Maharashtra,677000.0,665000.0,Apex Infra Construction Corp,18.9028,72.8018,2023-03-21,2023-05-25,In Progress,False
MPLADS-2023-WRK-1119,"Public Facilities project at Ward 34, Mumbai Suburban",Public Facilities & Community Halls,Priyanka Chaturvedi,Rajya Sabha,Maharashtra,Mumbai Suburban,Maharashtra,3125000.0,2850000.0,National Civil Construction Co.,19.0636,72.8466,2023-04-21,2023-11-22,In Progress,False
MPLADS-2023-WRK-1120,"Roads project at Ward 17, Bengaluru Urban",Roads & Drainage,Tejasvi Surya,Lok Sabha,Bangalore South,Bengaluru Urban,Karnataka,941000.0,939000.0,Sunrise Tech & Water Works,12.9557,77.5715,2023-01-29,2023-04-29,Completed,False
MPLADS-2023-WRK-1121,"Education project at Ward 5, Bengaluru Urban",Education & Smart Classrooms,Tejasvi Surya,Lok Sabha,Bangalore South,Bengaluru Urban,Karnataka,444000.0,411000.0,Urban Green Projects Ltd,12.962,77.6109,2023-08-09,2023-10-30,Completed,False
MPLADS-2023-WRK-1122,"Healthcare Equipment project at Ward 19, Mumbai Suburban",Healthcare Equipment & Ambulances,Priyanka Chaturvedi,Rajya Sabha,Maharashtra,Mumbai Suburban,Maharashtra,914000.0,779000.0,Apex Infra Construction Corp,19.0703,72.8701,2023-02-09,2023-04-05,In Progress,False
MPLADS-2023-WRK-1123,"Public Facilities project at Ward 28, North West Delhi",Public Facilities & Community Halls,Dr. Harsh Vardhan,Lok Sabha,Chandni Chowk,North West Delhi,Delhi,1073000.0,964000.0,Metro Civic Developers,28.6233,77.2576,2023-08-24,2024-04-18,Completed,False
MPLADS-2023-WRK-1124,"Sanitation project at Ward 34, Mumbai Suburban",Sanitation & Public Toilets,Priyanka Chaturvedi,Rajya Sabha,Maharashtra,Mumbai Suburban,Maharashtra,263000.0,258000.0,Metro Civic Developers,19.0983,72.8438,2023-06-23,2023-09-04,Completed,False
MPLADS-2023-WRK-1125,"Education project at Ward 42, Varanasi",Education & Smart Classrooms,Narendra Modi,Lok Sabha,Varanasi,Varanasi,Uttar Pradesh,721000.0,716000.0,National Civil Construction Co.,25.2893,82.9497,2023-03-17,2023-06-15,Completed,False
MPLADS-2023-WRK-1126,"Drinking Water project at Ward 41, North West Delhi",Drinking Water & RO Plants,Dr. Harsh Vardhan,Lok Sabha,Chandni Chowk,North West Delhi,Delhi,768000.0,725000.0,Apex Infra Construction Corp,28.6521,77.2639,2023-08-26,2023-12-06,Completed,False
MPLADS-2023-WRK-1127,"Drinking Water project at Ward 30, Mumbai City",Drinking Water & RO Plants,Arvind Sawant,Lok Sabha,Mumbai South,Mumbai City,Maharashtra,436000.0,401000.0,Apex Infra Construction Corp,18.9033,72.8359,2023-06-05,2023-08-09,Completed,False
MPLADS-2023-WRK-1128,"Roads project at Ward 38, New Delhi",Roads & Drainage,Dr. Subramanian Swamy,Rajya Sabha,Nominated,New Delhi,Delhi,614000.0,598000.0,National Civil Construction Co.,28.6231,77.2096,2023-02-09,2023-07-31,In Progress,False
MPLADS-2023-WRK-1129,"Public Facilities project at Ward 29, North East Delhi",Public Facilities & Community Halls,Manoj Tiwari,Lok Sabha,North East Delhi,North East Delhi,Delhi,4182000.0,3913000.0,Apex Infra Construction Corp,28.7022,77.2446,2023-04-07,2023-10-15,Completed,False
MPLADS-2023-WRK-1130,"Education project at Ward 24, North West Delhi",Education & Smart Classrooms,Dr. Harsh Vardhan,Lok Sabha,Chandni Chowk,North West Delhi,Delhi,1479000.0,1276000.0,Sunrise Tech & Water Works,28.6728,77.2693,2023-03-30,2023-06-03,Completed,False
MPLADS-2023-WRK-1131,"Education project at Ward 19, Mumbai City",Education & Smart Classrooms,Arvind Sawant,Lok Sabha,Mumbai South,Mumbai City,Maharashtra,765000.0,739000.0,Metro Civic Developers,18.9041,72.8029,2023-01-27,2023-06-16,In Progress,False
MPLADS-2023-WRK-1132,"Healthcare Equipment project at Ward 20, Bengaluru Urban",Healthcare Equipment & Ambulances,Tejasvi Surya,Lok Sabha,Bangalore South,Bengaluru Urban,Karnataka,3099000.0,3082000.0,National Civil Construction Co.,12.9782,77.5659,2023-03-18,2023-05-14,Completed,False
MPLADS-2023-WRK-1133,"Drinking Water project at Ward 43, Mumbai Suburban",Drinking Water & RO Plants,Priyanka Chaturvedi,Rajya Sabha,Maharashtra,Mumbai Suburban,Maharashtra,537000.0,532000.0,Jan Seva Builders,19.0875,72.864,2023-06-08,2023-09-17,Completed,False
MPLADS-2023-WRK-1134,"Healthcare Equipment project at Ward 13, North West Delhi",Healthcare Equipment & Ambulances,Dr. Harsh Vardhan,Lok Sabha,Chandni Chowk,North West Delhi,Delhi,2610000.0,2418000.0,Vanguard Engineering Corp,28.6306,77.2071,2023-01-10,2023-03-12,In Progress,False
MPLADS-2023-WRK-1135,"Drinking Water project at Ward 43, Varanasi",Drinking Water & RO Plants,Narendra Modi,Lok Sabha,Varanasi,Varanasi,Uttar Pradesh,251000.0,224000.0,Bharat Rural Development Enterprises,25.3444,83.0046,2023-02-21,2023-05-26,Completed,False
MPLADS-2023-WRK-1136,"Sanitation project at Ward 3, Mumbai City",Sanitation & Public Toilets,Arvind Sawant,Lok Sabha,Mumbai South,Mumbai City,Maharashtra,305000.0,276000.0,Apex Infra Construction Corp,18.9635,72.8085,2023-03-25,2023-06-01,In Progress,False
MPLADS-2023-WRK-1137,"Education project at Ward 35, Mumbai Suburban",Education & Smart Classrooms,Priyanka Chaturvedi,Rajya Sabha,Maharashtra,Mumbai Suburban,Maharashtra,1112000.0,985000.0,Vanguard Engineering Corp,19.0962,72.9004,2023-08-16,2024-01-01,Completed,False
MPLADS-2023-WRK-1138,"Education project at Ward 25, Varanasi",Education & Smart Classrooms,Narendra Modi,Lok Sabha,Varanasi,Varanasi,Uttar Pradesh,1459000.0,1412000.0,Apex Infra Construction Corp,25.3564,82.9708,2023-04-10,2023-07-26,Completed,False
MPLADS-2023-WRK-1139,"Drinking Water project at Ward 34, Mumbai Suburban",Drinking Water & RO Plants,Priyanka Chaturvedi,Rajya Sabha,Maharashtra,Mumbai Suburban,Maharashtra,681000.0,661000.0,Apex Infra Infrastructure Projects,19.0873,72.9076,2023-03-12,2023-05-13,Completed,False
MPLADS-2023-WRK-1140,"Education project at Ward 29, North West Delhi",Education & Smart Classrooms,Dr. Harsh Vardhan,Lok Sabha,Chandni Chowk,North West Delhi,Delhi,401000.0,350000.0,Urban Green Projects Ltd,28.6827,77.1973,2023-08-19,2023-12-22,Completed,False
MPLADS-2023-WRK-1141,"Roads project at Ward 21, Mumbai City",Roads & Drainage,Arvind Sawant,Lok Sabha,Mumbai South,Mumbai City,Maharashtra,1330000.0,1210000.0,Jan Seva Builders,18.9784,72.8253,2023-07-11,2023-11-08,Completed,False
MPLADS-2023-WRK-1142,"Healthcare Equipment project at Ward 31, North West Delhi",Healthcare Equipment & Ambulances,Dr. Harsh Vardhan,Lok Sabha,Chandni Chowk,North West Delhi,Delhi,2555000.0,2475000.0,Vanguard Engineering Corp,28.6896,77.2278,2023-03-12,2023-03-31,Completed,False
MPLADS-2023-WRK-1143,"Sanitation project at Ward 8, New Delhi",Sanitation & Public Toilets,Dr. Subramanian Swamy,Rajya Sabha,Nominated,New Delhi,Delhi,204000.0,176000.0,Urban Green Projects Ltd,28.6178,77.2272,2023-05-12,2023-07-23,In Progress,False
MPLADS-2023-WRK-1144,"Drinking Water project at Ward 39, Bengaluru Urban",Drinking Water & RO Plants,Tejasvi Surya,Lok Sabha,Bangalore South,Bengaluru Urban,Karnataka,346000.0,297000.0,Apex Infra Construction Corp,12.9682,77.5635,2023-08-03,2023-11-22,In Progress,False
MPLADS-2023-WRK-1145,"Healthcare Equipment project at Ward 12, North East Delhi",Healthcare Equipment & Ambulances,Manoj Tiwari,Lok Sabha,North East Delhi,North East Delhi,Delhi,2192000.0,1943000.0,Jan Seva Builders,28.6642,77.2607,2023-03-15,2023-05-06,In Progress,False
MPLADS-2023-WRK-1146,"Sanitation project at Ward 25, North West Delhi",Sanitation & Public Toilets,Dr. Harsh Vardhan,Lok Sabha,Chandni Chowk,North West Delhi,Delhi,980000.0,843000.0,Bharat Rural Development Enterprises,28.6791,77.2306,2023-09-27,2024-01-19,Completed,False
MPLADS-2023-WRK-1147,"Roads project at Ward 38, New Delhi",Roads & Drainage,Dr. Subramanian Swamy,Rajya Sabha,Nominated,New Delhi,Delhi,1771000.0,1766000.0,Metro Civic Developers,28.637,77.1966,2023-05-10,2023-08-10,Completed,False
MPLADS-2023-WRK-1148,"Drinking Water project at Ward 9, Mumbai City",Drinking Water & RO Plants,Arvind Sawant,Lok Sabha,Mumbai South,Mumbai City,Maharashtra,179000.0,167000.0,Imperial Buildcon Pvt Ltd,18.9773,72.8336,2023-03-31,2023-07-26,Completed,False
MPLADS-2023-WRK-1149,"Healthcare Equipment project at Ward 20, North West Delhi",Healthcare Equipment & Ambulances,Dr. Harsh Vardhan,Lok Sabha,Chandni Chowk,North West Delhi,Delhi,2896000.0,2660000.0,Apex Infra Infrastructure Projects,28.6795,77.2609,2023-05-31,2023-07-10,Completed,False
MPLADS-2023-WRK-1150,"Sanitation project at Ward 18, Mumbai Suburban",Sanitation & Public Toilets,Priyanka Chaturvedi,Rajya Sabha,Maharashtra,Mumbai Suburban,Maharashtra,579000.0,495000.0,Metro Civic Developers,19.105,72.8415,2023-04-08,2023-06-28,Completed,False
MPLADS-2023-WRK-1151,"Education project at Ward 24, North West Delhi",Education & Smart Classrooms,Dr. Harsh Vardhan,Lok Sabha,Chandni Chowk,North West Delhi,Delhi,824000.0,750000.0,Metro Civic Developers,28.6941,77.2297,2023-08-14,2023-12-01,In Progress,False
MPLADS-2023-WRK-1152,"Roads project at Ward 20, Bengaluru Urban",Roads & Drainage,Tejasvi Surya,Lok Sabha,Bangalore South,Bengaluru Urban,Karnataka,1954000.0,1684000.0,Vanguard Engineering Corp,12.9573,77.561,2023-04-03,2023-09-09,Completed,False
MPLADS-2023-WRK-1153,"Sanitation project at Ward 40, New Delhi",Sanitation & Public Toilets,Dr. Subramanian Swamy,Rajya Sabha,Nominated,New Delhi,Delhi,774000.0,677000.0,Imperial Buildcon Pvt Ltd,28.5773,77.2386,2023-08-16,2023-11-13,Completed,False
MPLADS-2023-WRK-1154,"Education project at Ward 2, Mumbai Suburban",Education & Smart Classrooms,Priyanka Chaturvedi,Rajya Sabha,Maharashtra,Mumbai Suburban,Maharashtra,1067000.0,1034000.0,Jan Seva Builders,19.0651,72.9018,2023-01-30,2023-04-09,Completed,False
MPLADS-2023-WRK-1155,"Sanitation project at Ward 37, East Delhi",Sanitation & Public Toilets,Gautam Gambhir,Lok Sabha,East Delhi,East Delhi,Delhi,742000.0,679000.0,Sunrise Tech & Water Works,28.6503,77.2843,2023-03-06,2023-04-28,In Progress,False
MPLADS-2023-WRK-1156,"Sanitation project at Ward 26, North East Delhi",Sanitation & Public Toilets,Manoj Tiwari,Lok Sabha,North East Delhi,North East Delhi,Delhi,323000.0,296000.0,Imperial Buildcon Pvt Ltd,28.7251,77.2784,2023-07-09,2023-10-09,Completed,False
MPLADS-2023-WRK-1157,"Healthcare Equipment project at Ward 17, Mumbai City",Healthcare Equipment & Ambulances,Arvind Sawant,Lok Sabha,Mumbai South,Mumbai City,Maharashtra,1552000.0,1543000.0,Imperial Buildcon Pvt Ltd,18.9402,72.8684,2023-01-14,2023-02-21,Completed,False
MPLADS-2023-WRK-1158,"Healthcare Equipment project at Ward 29, Bengaluru Urban",Healthcare Equipment & Ambulances,Tejasvi Surya,Lok Sabha,Bangalore South,Bengaluru Urban,Karnataka,2005000.0,2004000.0,Imperial Buildcon Pvt Ltd,12.9476,77.5655,2023-05-27,2023-09-07,Completed,False
MPLADS-2023-WRK-1159,"Healthcare Equipment project at Ward 20, East Delhi",Healthcare Equipment & Ambulances,Gautam Gambhir,Lok Sabha,East Delhi,East Delhi,Delhi,2002000.0,1728000.0,Metro Civic Developers,28.6448,77.299,2023-06-13,2023-09-21,Completed,False
MPLADS-2023-WRK-1160,"Healthcare Equipment project at Ward 16, East Delhi",Healthcare Equipment & Ambulances,Gautam Gambhir,Lok Sabha,East Delhi,East Delhi,Delhi,2716000.0,2594000.0,Bharat Rural Development Enterprises,28.6059,77.3338,2023-03-31,2023-05-31,Completed,False
MPLADS-2023-WRK-1161,"Roads project at Ward 26, New Delhi",Roads & Drainage,Dr. Subramanian Swamy,Rajya Sabha,Nominated,New Delhi,Delhi,1222000.0,1144000.0,Urban Green Projects Ltd,28.6229,77.1759,2023-08-28,2024-02-04,Completed,False
MPLADS-2023-WRK-1162,"Sanitation project at Ward 30, New Delhi",Sanitation & Public Toilets,Dr. Subramanian Swamy,Rajya Sabha,Nominated,New Delhi,Delhi,529000.0,482000.0,Urban Green Projects Ltd,28.6517,77.2204,2023-10-22,2023-12-15,In Progress,False
MPLADS-2023-WRK-1163,"Drinking Water project at Ward 8, Mumbai City",Drinking Water & RO Plants,Arvind Sawant,Lok Sabha,Mumbai South,Mumbai City,Maharashtra,721000.0,697000.0,Urban Green Projects Ltd,18.9334,72.8682,2023-10-28,2023-12-20,Completed,False
MPLADS-2023-WRK-1164,"Education project at Ward 13, East Delhi",Education & Smart Classrooms,Gautam Gambhir,Lok Sabha,East Delhi,East Delhi,Delhi,498000.0,447000.0,Bharat Rural Development Enterprises,28.6596,77.3227,2023-04-26,2023-08-08,Completed,False
MPLADS-2023-WRK-1165,"Drinking Water project at Ward 43, Bengaluru Urban",Drinking Water & RO Plants,Tejasvi Surya,Lok Sabha,Bangalore South,Bengaluru Urban,Karnataka,556000.0,524000.0,Urban Green Projects Ltd,12.9789,77.6011,2023-02-17,2023-05-22,Completed,False
MPLADS-2023-WRK-1166,"Sanitation project at Ward 40, Mumbai City",Sanitation & Public Toilets,Arvind Sawant,Lok Sabha,Mumbai South,Mumbai City,Maharashtra,233000.0,228000.0,Apex Infra Construction Corp,18.92,72.8122,2023-02-11,2023-04-02,In Progress,False
MPLADS-2023-WRK-1167,"Public Facilities project at Ward 30, North East Delhi",Public Facilities & Community Halls,Manoj Tiwari,Lok Sabha,North East Delhi,North East Delhi,Delhi,4111000.0,3831000.0,Sunrise Tech & Water Works,28.7285,77.2873,2023-06-04,2024-01-01,Completed,False
MPLADS-2023-WRK-1168,"Healthcare Equipment project at Ward 23, North West Delhi",Healthcare Equipment & Ambulances,Dr. Harsh Vardhan,Lok Sabha,Chandni Chowk,North West Delhi,Delhi,962000.0,881000.0,Sunrise Tech & Water Works,28.6434,77.2015,2023-09-05,2023-11-18,Completed,False
MPLADS-2023-WRK-1169,"Drinking Water project at Ward 10, Mumbai Suburban",Drinking Water & RO Plants,Priyanka Chaturvedi,Rajya Sabha,Maharashtra,Mumbai Suburban,Maharashtra,644000.0,597000.0,Sunrise Tech & Water Works,19.0733,72.8591,2023-02-24,2023-05-05,Completed,False
MPLADS-2023-WRK-1170,"Roads project at Ward 13, North West Delhi",Roads & Drainage,Dr. Harsh Vardhan,Lok Sabha,Chandni Chowk,North West Delhi,Delhi,1080000.0,980000.0,Urban Green Projects Ltd,28.6813,77.2647,2023-08-03,2023-12-02,Completed,False
MPLADS-2023-WRK-1171,"Public Facilities project at Ward 16, East Delhi",Public Facilities & Community Halls,Gautam Gambhir,Lok Sabha,East Delhi,East Delhi,Delhi,4486000.0,4127000.0,Apex Infra Infrastructure Projects,28.5952,77.2865,2023-06-07,2024-01-06,In Progress,False
MPLADS-2023-WRK-1172,"Sanitation project at Ward 28, Varanasi",Sanitation & Public Toilets,Narendra Modi,Lok Sabha,Varanasi,Varanasi,Uttar Pradesh,482000.0,413000.0,Imperial Buildcon Pvt Ltd,25.3005,82.9346,2023-09-11,2024-01-10,Completed,False
MPLADS-2023-WRK-1173,"Education project at Ward 36, East Delhi",Education & Smart Classrooms,Gautam Gambhir,Lok Sabha,East Delhi,East Delhi,Delhi,1173000.0,1131000.0,Jan Seva Builders,28.5921,77.2999,2023-07-07,2023-09-10,Completed,False
MPLADS-2023-WRK-1174,"Roads project at Ward 26, Bengaluru Urban",Roads & Drainage,Tejasvi Surya,Lok Sabha,Bangalore South,Bengaluru Urban,Karnataka,1273000.0,1168000.0,Apex Infra Construction Corp,12.986,77.5641,2023-10-09,2024-02-11,Completed,False
MPLADS-2023-WRK-1175,"Education project at Ward 3, Mumbai City",Education & Smart Classrooms,Arvind Sawant,Lok Sabha,Mumbai South,Mumbai City,Maharashtra,969000.0,877000.0,Apex Infra Construction Corp,18.9395,72.8353,2023-03-15,2023-06-08,Completed,False
MPLADS-2023-WRK-1176,"Healthcare Equipment project at Ward 11, East Delhi",Healthcare Equipment & Ambulances,Gautam Gambhir,Lok Sabha,East Delhi,East Delhi,Delhi,1699000.0,1565000.0,Apex Infra Construction Corp,28.6595,77.2662,2023-08-22,2023-09-25,Completed,False
MPLADS-2023-WRK-1177,"Sanitation project at Ward 31, Mumbai Suburban",Sanitation & Public Toilets,Priyanka Chaturvedi,Rajya Sabha,Maharashtra,Mumbai Suburban,Maharashtra,791000.0,708000.0,Bharat Rural Development Enterprises,19.0786,72.8944,2023-06-22,2023-10-09,Completed,False
MPLADS-2023-WRK-1178,"Education project at Ward 39, North East Delhi",Education & Smart Classrooms,Manoj Tiwari,Lok Sabha,North East Delhi,North East Delhi,Delhi,697000.0,604000.0,Vanguard Engineering Corp,28.7278,77.2905,2023-08-02,2023-12-14,Completed,False
MPLADS-2023-WRK-1179,"Education project at Ward 34, New Delhi",Education & Smart Classrooms,Dr. Subramanian Swamy,Rajya Sabha,Nominated,New Delhi,Delhi,1460000.0,1412000.0,Sunrise Tech & Water Works,28.6316,77.2157,2023-10-24,2024-03-05,Completed,False
MPLADS-2023-WRK-1180,"Drinking Water project at Ward 10, Mumbai Suburban",Drinking Water & RO Plants,Priyanka Chaturvedi,Rajya Sabha,Maharashtra,Mumbai Suburban,Maharashtra,684000.0,606000.0,National Civil Construction Co.,19.0513,72.873,2023-10-21,2024-02-17,In Progress,False
MPLADS-2023-WRK-1181,Installation of Modular Public Toilet Block at Connaught Place,Sanitation & Public Toilets,Dr. Subramanian Swamy,Rajya Sabha,Nominated,New Delhi,Delhi,9500000.0,9480000.0,Apex Infra Infrastructure Projects,28.6315,77.2167,2023-03-10,2023-09-15,Completed,True
MPLADS-2023-WRK-1182,Construction of Paver Block Road at Assi Ghat Lane 4,Roads & Drainage,Narendra Modi,Lok Sabha,Varanasi,Varanasi,Uttar Pradesh,1800000.0,1800000.0,Jan Seva Builders,25.2882,82.9991,2023-02-14,2023-06-30,Completed,True
MPLADS-2023-WRK-1183,Paver Block Road Construction Work at Assi Ghat Lane 4,Roads & Drainage,Narendra Modi,Lok Sabha,Varanasi,Varanasi,Uttar Pradesh,1750000.0,1750000.0,Jan Seva Builders,25.289,82.9995,2023-05-20,2023-10-10,Completed,True
MPLADS-2023-WRK-1184,Smart Classroom & RO Filter Installation Phase 1 at Rohini Sector 2,Education & Smart Classrooms,Dr. Harsh Vardhan,Lok Sabha,Chandni Chowk,North West Delhi,Delhi,1400000.0,1390000.0,Apex Infra Infrastructure Projects,28.715,77.121,2023-04-01,2023-08-15,Completed,True
MPLADS-2023-WRK-1185,Smart Classroom & RO Filter Installation Phase 2 at Rohini Sector 3,Education & Smart Classrooms,Dr. Harsh Vardhan,Lok Sabha,Chandni Chowk,North West Delhi,Delhi,1400000.0,1390000.0,Apex Infra Infrastructure Projects,28.718,77.124,2023-04-01,2023-08-15,Completed,True
MPLADS-2023-WRK-1186,Smart Classroom & RO Filter Installation Phase 3 at Rohini Sector 4,Education & Smart Classrooms,Dr. Harsh Vardhan,Lok Sabha,Chandni Chowk,North West Delhi,Delhi,1400000.0,1390000.0,Apex Infra Infrastructure Projects,28.721,77.127,2023-04-01,2023-08-15,Completed,True
MPLADS-2023-WRK-1187,Smart Classroom & RO Filter Installation Phase 4 at Rohini Sector 5,Education & Smart Classrooms,Dr. Harsh Vardhan,Lok Sabha,Chandni Chowk,North West Delhi,Delhi,1400000.0,1390000.0,Apex Infra Infrastructure Projects,28.724,77.13,2023-04-01,2023-08-15,Completed,True
MPLADS-2023-WRK-1188,Smart Classroom & RO Filter Installation Phase 5 at Rohini Sector 6,Education & Smart Classrooms,Dr. Harsh Vardhan,Lok Sabha,Chandni Chowk,North West Delhi,Delhi,1400000.0,1390000.0,Apex Infra Infrastructure Projects,28.727,77.133,2023-04-01,2023-08-15,Completed,True
MPLADS-2023-WRK-1189,Smart Classroom & RO Filter Installation Phase 6 at Rohini Sector 7,Education & Smart Classrooms,Dr. Harsh Vardhan,Lok Sabha,Chandni Chowk,North West Delhi,Delhi,1400000.0,1390000.0,Apex Infra Infrastructure Projects,28.73,77.136,2023-04-01,2023-08-15,Completed,True
MPLADS-2023-WRK-1190,Smart Classroom & RO Filter Installation Phase 7 at Rohini Sector 8,Education & Smart Classrooms,Dr. Harsh Vardhan,Lok Sabha,Chandni Chowk,North West Delhi,Delhi,1400000.0,1390000.0,Apex Infra Infrastructure Projects,28.733,77.139,2023-04-01,2023-08-15,Completed,True
MPLADS-2023-WRK-1191,Smart Classroom & RO Filter Installation Phase 8 at Rohini Sector 9,Education & Smart Classrooms,Dr. Harsh Vardhan,Lok Sabha,Chandni Chowk,North West Delhi,Delhi,1400000.0,1390000.0,Apex Infra Infrastructure Projects,28.736,77.142,2023-04-01,2023-08-15,Completed,True
MPLADS-2023-WRK-1192,Installation of High-Mast LED Lighting Towers at Jayanagar 4th Block,Public Facilities & Community Halls,Tejasvi Surya,Lok Sabha,Bangalore South,Bengaluru Urban,Karnataka,3200000.0,3200000.0,Vanguard Engineering Corp,12.925,77.5938,2023-07-15,2023-07-15,Completed,True
